{
  "mae": 4552.145692959477,
  "mlse": 6.171010313308247
}