{
  "mae": 4581.0953235586485,
  "mlse": 5.944743296592342
}