{"precision": 0.9705882352941176, "recall": 1.0, "accuracy": 0.9882352941176471}