{"mae": 1970.1362617961097, "mlse": 1.9108438007194457}