{
  "mae": 2570.087376356467,
  "mlse": 5.997943771372978
}