{
  "mae": 11557.771087760926,
  "mlse": 7.757077357210143
}