{
  "mae": 4616.7137223387135,
  "mlse": 5.972309297929762
}