{
  "mae": 4735.2068801968,
  "mlse": 6.302024982199596
}