{
  "mae": 4433.236667390186,
  "mlse": 6.647868064865548
}